group,metric,metric_label,comparison,n,mean_normal,mean_missing,mean_diff,std_diff,t_stat,t_pvalue,cohens_dz,wilcoxon_stat,wilcoxon_pvalue,rank_biserial_r,mean_wrong,t_pvalue_holm,wilcoxon_pvalue_holm
Open-Ended,factscore,Factscore (precision),normal vs missing,3661,0.835867938470453,0.8356219748237863,0.0018042505128252754,0.06689419349803932,1.6319553778199807,0.102774914949407,0.026971705890708707,1324739.5,0.014787351541719826,0.05779752959275336,,0.30832474484822103,0.04436205462515948
Open-Ended,factscore,Factscore (precision),normal vs wrong,3661,0.835867938470453,,0.04277156571296873,0.05531684381589366,46.784028996288576,0.0,0.773210522554788,548087.0,0.0,0.8235122885824459,0.7878517198794339,0.0,0.0
Open-Ended,factscore,Factscore (precision),missing vs wrong,3661,,0.8356219748237863,0.040967315200143455,0.07449438426690662,33.27467581127524,2.424020241260218e-212,0.5499383021055826,1006185.0,2.083782229514141e-276,0.6857062133921699,0.7878517198794339,2.908824289512262e-211,2.7089168983683834e-275
Open-Ended,vital-precision,Vital Precision,normal vs missing,3726,0.8269238895932649,0.828842399226281,-0.0008940663779652367,0.13215058972037735,-0.41297340356238454,0.6796498691226658,-0.006765511829020416,649623.5,0.5073415845288369,-0.01897570029100453,,1.0,1.0
Open-Ended,vital-precision,Vital Precision,normal vs wrong,3726,0.8269238895932649,,0.053096406197886074,0.13919547185088696,23.284206638855814,4.503829695169494e-112,0.38145210826086035,591794.5,4.148925063951646e-143,0.5972954305739853,0.7539674175681725,3.152680786618646e-111,3.7340325575564814e-142
Open-Ended,vital-precision,Vital Precision,missing vs wrong,3726,,0.828842399226281,0.05399047257585131,0.16232077393498348,20.303197974578,5.236190323735164e-87,0.33261591395243617,700908.5,7.916453357050162e-116,0.5334936700604275,0.7539674175681725,2.618095161867582e-86,5.541517349935114e-115
Open-Ended,linear-decay-precision,Linear-Decay Precision,normal vs missing,3726,0.8359289501544445,0.8380691105910919,0.000454861378822241,0.12061584040333746,0.23019513537293076,0.8179527819324903,0.003771157895191807,1390472.0,0.6667791686310387,0.010211646708558229,,1.0,1.0
Open-Ended,linear-decay-precision,Linear-Decay Precision,normal vs wrong,3726,0.8359289501544445,,0.0830844645595904,0.15935261415438953,31.82599998714905,7.868266376025722e-197,0.5213875216323318,883379.0,1.5934909479778468e-299,0.7179518616609435,0.7320544321686187,8.655093013628293e-196,2.2308873271689855e-298
Open-Ended,linear-decay-precision,Linear-Decay Precision,missing vs wrong,3726,,0.8380691105910919,0.08262960318076815,0.17123642031688374,29.45513055567355,1.3043539025751949e-171,0.4825468964362656,1022107.0,5.775846446572405e-264,0.6736583317768273,0.7320544321686187,1.3043539025751948e-170,6.931015735886886e-263
Open-Ended,nuggets-strict-all,Nuggets Recall (strict-all),normal vs missing,3726,0.24353317714437914,0.18614227260652283,0.05370713347941221,0.06754037413040705,48.53890073241732,0.0,0.7951856081773311,150533.5,0.0,0.9217225220746663,,0.0,0.0
Open-Ended,nuggets-strict-all,Nuggets Recall (strict-all),normal vs wrong,3726,0.24353317714437914,,0.012531811012831436,0.039381484902043636,19.424201501781837,3.913634945921762e-80,0.3182158073521783,379678.5,3.7419057047054277e-85,0.5294328706716094,0.23234449330973964,1.5654539783687047e-79,1.496762281882171e-84
Open-Ended,nuggets-strict-all,Nuggets Recall (strict-all),missing vs wrong,3726,,0.18614227260652283,-0.04117532246658077,0.06961717496912165,-36.102895848391974,5.197255249614974e-245,-0.5914535096381587,315943.5,1.4701562698424794e-263,-0.7990039373009162,0.23234449330973964,7.276157349460964e-244,1.6171718968267273e-262
Open-Ended,nuggets-vital-recall,Vital Recall,normal vs missing,3726,0.408969137640883,0.29911190736906623,0.11694267624289084,0.13323392598879075,53.57715252721882,0.0,0.8777244637580482,96750.0,0.0,0.9410636503438867,,0.0,0.0
Open-Ended,nuggets-vital-recall,Vital Recall,normal vs wrong,3726,0.408969137640883,,0.0349703246686665,0.08810699067647963,24.22761823199054,1.5359516830035733e-120,0.3969074916776372,211344.0,8.829164909236999e-116,0.6632826689609024,0.37892287288064475,1.2287613464028587e-119,5.541517349935114e-115
Open-Ended,nuggets-vital-recall,Vital Recall,missing vs wrong,3726,,0.29911190736906623,-0.08197235157422436,0.13924740026339705,-35.93368229035159,4.79162719321222e-243,-0.5886813787486691,325612.0,1.975346341306443e-223,-0.7618307634410529,0.37892287288064475,6.229115351175886e-242,1.975346341306443e-222
Open-Ended,linear-decay-recall,Linear-Decay Recall,normal vs missing,3726,0.7103298600348411,0.6105949042558045,0.13375690104356344,0.17874992217002725,45.67638891508377,0.0,0.7482906813035344,300133.0,0.0,0.8691063445260326,,0.0,0.0
Open-Ended,linear-decay-recall,Linear-Decay Recall,normal vs wrong,3726,0.7103298600348411,,0.06238523255259224,0.1380350972132979,27.58758588279056,1.3252467382563794e-152,0.45195195868331833,510904.0,3.5940734552861084e-140,0.6087657532961552,0.6643286948351433,1.1927220644307414e-151,2.8752587642288868e-139
Open-Ended,linear-decay-recall,Linear-Decay Recall,missing vs wrong,3726,,0.6105949042558045,-0.0713716684909712,0.20857354955147017,-20.88757598332396,1.03632551355025e-91,-0.34218945136837037,1297849.5,2.49384220446295e-103,-0.44972054603549333,0.6643286948351433,6.2179530813015e-91,1.246921102231475e-102
Single-Answer,factscore,Factscore (precision),normal vs missing,2717,0.8247399718077735,0.8252788715514513,-0.00014741821761695114,0.09765756295245158,-0.0786846636950847,0.9372892406282886,-0.0015095422531558307,1051806.5,0.5350882420976437,-0.01575134353135156,,0.9372892406282886,1.0
Single-Answer,factscore,Factscore (precision),normal vs wrong,2717,0.8247399718077735,,0.05904570334108989,0.07881680448726215,39.04939380488728,3.995895234488444e-265,0.7491511959309701,400913.5,4.36352358985809e-240,0.7552061962680735,0.7656684750957345,5.594253328283822e-264,6.545285384787135e-239
Single-Answer,factscore,Factscore (precision),missing vs wrong,2717,,0.8252788715514513,0.059193121558706825,0.10477889836972434,29.447079873628738,1.2036466701158167e-165,0.5649336123943307,613594.0,7.567980028695548e-183,0.6479788418069372,0.7656684750957345,1.3240113371273984e-164,8.324778031565102e-182
Single-Answer,vital-precision,Vital Precision,normal vs missing,3000,0.728138761127742,0.7222312011245835,0.005907560003158557,0.29814294671635816,1.0852860713902976,0.2778822040101663,0.01981452208822094,394096.0,0.8469128389781151,0.006276082050506197,,0.5557644080203326,1.0
Single-Answer,vital-precision,Vital Precision,normal vs wrong,3000,0.728138761127742,,0.2408138453311776,0.30618500971834783,43.07826022207193,4.9295285e-316,0.7864978287235435,187873.0,1.740054029690224e-264,0.8486790334363494,0.4873249157965643,7.88724563e-315,2.7840864475043583e-263
Single-Answer,vital-precision,Vital Precision,missing vs wrong,3000,,0.7222312011245835,0.23490628532801908,0.3371765153184014,38.159084493889445,4.65698042172491e-260,0.6966863783682952,300684.5,7.030441940891494e-223,0.7691395802454064,0.4873249157965643,6.054074548242383e-259,9.84261871724809e-222
Single-Answer,linear-decay-precision,Linear-Decay Precision,normal vs missing,3000,0.7298730565503043,0.7414384456516053,-0.011565389101301003,0.20724026869927226,-3.0566571530068685,0.0022579255969703183,-0.05580666910871273,1021021.0,0.037104438273734,-0.052823705451856884,,0.009031702387881273,0.148417753094936
Single-Answer,linear-decay-precision,Linear-Decay Precision,normal vs wrong,3000,0.7298730565503043,,0.2115665944212298,0.24457830687197624,47.37942528963172,0.0,0.8650259997587345,309150.5,1.222451618233814e-294,0.8234425029718894,0.5183064621290745,0.0,2.078167750997484e-293
Single-Answer,linear-decay-precision,Linear-Decay Precision,missing vs wrong,3000,,0.7414384456516053,0.2231319835225308,0.2538677850545309,48.14097253415177,0.0,0.878929886573052,307841.0,5.434519218124055e-296,0.8247206109478089,0.5183064621290745,0.0,9.782134592623299e-295
Single-Answer,nuggets-strict-all,Nuggets Recall (strict-all),normal vs missing,3000,0.2770663692751884,0.1912948713422573,0.08577149793293112,0.15976666198628917,29.40474791474691,3.2573097976548187e-167,0.5368547910219958,82153.0,3.3212531953248807e-211,0.8800983697476539,,3.9087717571857823e-166,3.985503834389857e-210
Single-Answer,nuggets-strict-all,Nuggets Recall (strict-all),normal vs wrong,3000,0.2770663692751884,,0.04212722165678726,0.11972783679093754,19.272067553290217,4.042200365674115e-78,0.3518582042900149,131414.0,4.7239060505998776e-101,0.6853406889682238,0.2349391476184012,2.8295402559718807e-77,3.306734235419914e-100
Single-Answer,nuggets-strict-all,Nuggets Recall (strict-all),missing vs wrong,3000,,0.1912948713422573,-0.04364427627614386,0.14382110819023794,-16.621311658099255,2.0529917195970213e-59,-0.3034622443488186,240813.5,1.0711172456291593e-74,-0.5514929994552287,0.2349391476184012,1.2317950317582128e-58,6.426703473774956e-74
Single-Answer,nuggets-vital-recall,Vital Recall,normal vs missing,3000,0.5244136580897502,0.2745242251136307,0.24988943297611949,0.3513940248108632,38.950599514851135,6.326627830557662e-269,0.7111373994211249,32932.0,1.0805120082407104e-221,0.9418812016606883,,9.489941745836493e-268,1.4046656107129236e-220
Single-Answer,nuggets-vital-recall,Vital Recall,normal vs wrong,3000,0.5244136580897502,,0.15737802938369896,0.3113689402513288,27.684038324305835,2.0180518145165673e-150,0.5054390757686608,36028.5,1.1382690125887266e-138,0.8765597697605099,0.3670356287060512,2.018051814516567e-149,1.1382690125887267e-137
Single-Answer,nuggets-vital-recall,Vital Recall,missing vs wrong,3000,,0.2745242251136307,-0.0925114035924205,0.3253588469743769,-15.573752810238982,1.198887313572323e-52,-0.28433652397257875,156668.5,3.360983525021938e-52,-0.5182173224472223,0.3670356287060512,5.9944365678616155e-52,1.6804917625109687e-51
Single-Answer,linear-decay-recall,Linear-Decay Recall,normal vs missing,3000,0.625635052186747,0.5387973422853655,0.08683770990138154,0.2239980456383857,21.233655150661587,2.4871848320161587e-93,0.3876717301434369,180136.0,1.0769523525346073e-116,0.6829367461131871,,1.989747865612927e-92,9.692571172811465e-116
Single-Answer,linear-decay-recall,Linear-Decay Recall,normal vs wrong,3000,0.625635052186747,,0.09428967410937403,0.2207939267295931,23.39039946183132,2.7612235392477954e-111,0.4270483138100571,121482.0,7.300862345629032e-114,0.7209042663174581,0.531345378077373,2.485101185323016e-110,5.840689876503226e-113
Single-Answer,linear-decay-recall,Linear-Decay Recall,missing vs wrong,3000,,0.5387973422853655,0.007451964207992481,0.2573497990050627,1.5860159635711648,0.11284111455225526,0.028956557327040625,656064.0,0.9470619704546601,0.001903956319301766,0.531345378077373,0.3385233436567658,1.0
All,factscore,Factscore (precision),normal vs missing,6378,0.8323538437348702,0.8323557316851542,0.000972848201660094,0.08143136981337737,0.9541037382698496,0.3400672979364483,0.011946848049954781,4837805.5,0.3066402265266054,0.01771852809010551,,0.6801345958728966,0.8876784055644651
All,factscore,Factscore (precision),normal vs wrong,6378,0.8323538437348702,,0.04970427689760422,0.06683380187784399,59.39362745837082,0.0,0.7436996774244805,2010894.0,0.0,0.7826587563685908,0.7808464846845815,0.0,0.0
All,factscore,Factscore (precision),missing vs wrong,6378,,0.8323557316851542,0.04873142869594412,0.08911851692501196,43.670026053985865,0.0,0.5468159746974781,3282211.0,0.0,0.6604879339510463,0.7808464846845815,0.0,0.0
All,vital-precision,Vital Precision,normal vs missing,6726,0.7957285858673103,0.7951757050889029,0.0021396652817688377,0.2220915175755021,0.7901186256895174,0.4294863523829906,0.00963416030079329,2057161.5,0.564222332027928,-0.012390477925635529,,0.6801345958728966,0.8876784055644651
All,vital-precision,Vital Precision,normal vs wrong,6726,0.7957285858673103,,0.1368240775329849,0.2474823107927574,45.34159546196571,0.0,0.5528640697377434,1401097.5,0.0,0.7410859662282065,0.6697645222718753,0.0,0.0
All,vital-precision,Vital Precision,missing vs wrong,6726,,0.7951757050889029,0.13468441225121608,0.27089056204346956,40.77574387232111,0.0,0.4971912318953489,1831887.0,0.0,0.6729652412195257,0.6697645222718753,0.0,0.0
All,linear-decay-precision,Linear-Decay Precision,normal vs missing,6726,0.8024376153320845,0.8075541637680961,-0.004906534910260384,0.16506604996819374,-2.4377859290975894,0.014803249366279766,-0.029724676341414936,4853372.0,0.2958928018548217,-0.018100624529559472,,0.0444097480988393,0.8876784055644651
All,linear-decay-precision,Linear-Decay Precision,normal vs wrong,6726,0.8024376153320845,,0.14039139134890324,0.21170925153833225,54.38499248281939,0.0,0.6631330011739419,2322062.5,0.0,0.7572360045279181,0.6645550732087626,0.0,0.0
All,linear-decay-precision,Linear-Decay Precision,missing vs wrong,6726,,0.8075541637680961,0.14529792625916366,0.22329530677435575,53.36521362484909,0.0,0.6506985227682821,2501756.5,0.0,0.7387875356533075,0.6645550732087626,0.0,0.0
All,nuggets-strict-all,Nuggets Recall (strict-all),normal vs missing,6726,0.254122606238319,0.18776940904938638,0.06800881253985776,0.11901180571699449,46.865534967435046,0.0,0.5714459345451838,501932.5,0.0,0.8976254476174625,,0.0,0.0
All,nuggets-strict-all,Nuggets Recall (strict-all),normal vs wrong,6726,0.254122606238319,,0.02573226179068863,0.0864179213501256,24.420388949479904,2.8729930542776617e-126,0.297765340668556,951725.0,1.3735494011176955e-184,0.6009050164632316,0.23316385782826432,1.4364965271388308e-125,6.867747005588477e-184
All,nuggets-strict-all,Nuggets Recall (strict-all),missing vs wrong,6726,,0.18776940904938638,-0.042276550749169126,0.10913405840857353,-31.770033492306922,1.6706725033169515e-206,-0.38738182530420673,1269313.0,2.8307368872498217e-300,-0.6782630692724734,0.23316385782826432,1.169470752321866e-205,2.54766319852484e-299
All,nuggets-vital-recall,Vital Recall,normal vs missing,6726,0.44542530199315683,0.29134737613050765,0.17624096202934428,0.26318249416731193,54.91971664895189,0.0,0.6696530579929201,277182.5,0.0,0.9329852067350735,,0.0,0.0
All,nuggets-vital-recall,Vital Recall,normal vs wrong,6726,0.44542530199315683,,0.08956787360489865,0.22635726689133104,32.451610440492104,9.411324564438531e-215,0.3956925034260029,397956.0,9.447084973788423e-264,0.7757855416392002,0.37516900629919425,7.529059651550825e-214,7.557667979030738e-263
All,nuggets-vital-recall,Vital Recall,missing vs wrong,6726,,0.29134737613050765,-0.08667308842444563,0.2407797181723952,-29.52179782855222,3.1842381233592003e-180,-0.35996839385943963,1077423.0,2.8028710194232985e-237,-0.6438259888750064,0.37516900629919425,1.91054287401552e-179,1.681722611653979e-236
All,linear-decay-recall,Linear-Decay Recall,normal vs missing,6726,0.683584131240706,0.5879219899493501,0.11282951873215315,0.2015380299634103,45.9138972686921,0.0,0.5598423223281364,1012646.5,0.0,0.8030901143176042,,0.0,0.0
All,linear-decay-recall,Linear-Decay Recall,normal vs wrong,6726,0.683584131240706,,0.07661558115062159,0.18040341349528674,34.8297839796875,1.6272302361588548e-244,0.4246903074958904,1127839.5,1.7012048964178254e-252,0.652769999738309,0.6223339632274263,1.4645072125429692e-243,1.1908434274924778e-251
All,linear-decay-recall,Linear-Decay Recall,missing vs wrong,6726,,0.5879219899493501,-0.03621393758153156,0.2348754763002009,-12.644932238219338,3.077227272360817e-36,-0.15418356208140485,3968186.0,1.3440570256058477e-61,-0.27915240434457445,0.6223339632274263,1.2308909089443269e-35,5.376228102423391e-61
